player_id,name,position,goals,assists,goal_conversion_percentage,big_chances_created,shots,shots_on_target,passes,pass_accuracy,key_passes,cross_accuracy,tackles,interceptions,ground_duels_won_percentage,successful_dribbles
pl_72501523,Bruno Guimarães,M,0.32993890020366595,0.18329938900203666,21.4,0.2566191446028513,1.539714867617108,0.8431771894093686,53.193482688391036,86.1,1.6863543788187372,25.6,2.2729124236252547,0.5498981670061099,50.5,0.6598778004073319
pl_45126714,Bukayo Saka,F,0.28314606741573034,0.20224719101123595,9.9,0.4853932584269663,2.8719101123595507,1.0921348314606742,31.26741573033708,76.7,2.548314606741573,32.8,1.658426966292135,0.6471910112359551,51.1,2.0224719101123596
pl_19350393,Cristhian Mosquera,D,0.0,0.0,0.0,0.0,0.0897308075772682,0.0,56.79960119641077,91.3,0.448654037886341,33.3,2.8713858424725824,0.7178464606181456,50.0,0.0897308075772682
pl_13486574,David Raya,G,0.0,0.0,0.0,0.0,0.0,0.0,29.486486486486488,64.8,0.08108108108108109,0.0,0.02702702702702703,0.02702702702702703,96.2,0.02702702702702703
pl_08343894,Declan Rice,M,0.11616650532429817,0.14520813165537272,10.0,0.49370764762826724,1.1616650532429817,0.37754114230396907,62.03291384317522,87.3,1.8586640851887708,26.4,2.032913843175218,1.074540174249758,60.2,0.4065827686350436
pl_29771630,Eberechi Eze,M,0.3315789473684211,0.09473684210526316,11.1,0.18947368421052632,2.9842105263157896,0.9473684210526316,31.54736842105263,84.8,0.7578947368421053,16.7,0.9,0.5210526315789473,52.1,1.3736842105263158
pl_72512343,Ezri Konsa,D,0.0,0.0,0.0,0.029644268774703556,0.32608695652173914,0.05928853754940711,62.19367588932806,95.5,0.1482213438735178,20.0,0.6521739130434783,0.6818181818181818,67.1,0.23715415019762845
pl_96242662,Gabriel Magalhães,D,0.09814612868047982,0.13086150490730644,11.1,0.16357688113413305,0.8833151581243185,0.22900763358778625,56.69574700109051,88.2,0.22900763358778625,20.0,1.243184296619411,0.752453653217012,65.3,0.03271537622682661
pl_57344297,Gabriel Martinelli,F,0.08341056533827618,0.3336422613531047,3.4,0.3336422613531047,2.4189063948100094,1.0843373493975903,21.770157553290083,72.4,1.0843373493975903,24.3,1.0009267840593141,0.08341056533827618,42.3,1.835032437442076
pl_72642911,Jurriën Timber,D,0.10989010989010989,0.18315018315018314,12.0,0.14652014652014653,0.9157509157509157,0.2564102564102564,39.743589743589745,85.3,0.9890109890109889,13.0,2.4175824175824174,0.8791208791208791,57.2,0.47619047619047616
pl_13495135,Martin Ødegaard,M,0.06569343065693431,0.39416058394160586,4.5,0.39416058394160586,1.4452554744525548,0.5255474452554745,54.394160583941606,84.7,2.6277372262773726,27.3,1.248175182481752,0.4598540145985402,41.2,0.5912408759124088
pl_30477667,Martín Zubimendi,M,0.149950016661113,0.029990003332222594,18.5,0.029990003332222594,0.8097300899700101,0.26991002999000335,57.82072642452516,87.3,0.5698100633122293,25.0,2.0393202265911365,1.1696101299566812,59.8,0.20993002332555816
pl_13349471,Mikel Merino,M,0.34782608695652173,0.2608695652173913,18.2,0.34782608695652173,1.9130434782608696,0.6956521739130435,32.17391304347826,75.9,1.0434782608695652,0.0,2.260869565217391,0.8695652173913043,45.9,0.43478260869565216
pl_30476420,Noni Madueke,F,0.2202283849918434,0.0734094616639478,11.5,0.5138662316476346,1.9086460032626429,0.734094616639478,30.171288743882545,76.2,1.6150081566068517,20.0,1.5415986949429037,0.367047308319739,43.9,2.128874388254486
pl_30434127,Piero Hincapié,D,0.05022321428571429,0.10044642857142858,33.3,0.10044642857142858,0.15066964285714285,0.10044642857142858,42.036830357142854,88.9,0.6529017857142857,12.1,2.4107142857142856,1.3058035714285714,58.1,0.3515625
pl_96369277,Riccardo Calafiori,D,0.05272407732864675,0.1054481546572935,3.1,0.0,1.687170474516696,0.421792618629174,39.85940246045695,85.6,0.47451669595782076,14.3,1.687170474516696,0.7908611599297013,56.5,0.843585237258348
pl_84500047,Viktor Gyökeres,F,0.5590062111801243,0.03992901508429459,25.5,0.15971606033717836,2.1960958296362025,0.878438331854481,12.737355811889973,62.4,0.7985803016858918,37.5,0.27950310559006214,0.03992901508429459,31.6,0.27950310559006214
pl_84685293,William Saliba,D,0.03441682600382409,0.0,20.0,0.03441682600382409,0.17208413001912046,0.03441682600382409,72.41300191204589,92.9,0.3441682600382409,44.4,1.2045889101338432,0.5850860420650096,56.7,0.24091778202676864
pl_58886893,Abdukodir Khusanov,D,0.0,0.0,0.0,0.0,0.44086773967809656,0.06298110566829951,68.01959412176348,91.8,0.37788663400979705,33.3,1.7004898530440866,2.078376487053884,60.4,0.44086773967809656
pl_08952918,Antoine Semenyo,F,0.47812499999999997,0.11249999999999999,20.5,0.22499999999999998,2.334375,1.153125,26.325,80.0,1.096875,16.3,1.265625,0.365625,40.4,1.6593749999999998
pl_61009241,Elliot Anderson,M,0.10797840431913618,0.10797840431913618,9.1,0.2429514097180564,1.187762447510498,0.2699460107978404,64.32813437312538,85.5,1.4847030593881223,29.0,2.8074385122975407,1.1067786442711458,54.8,1.349730053989202
pl_61928103,Erling Haaland,F,0.821501014198783,0.2434077079107505,21.4,0.2738336713995943,3.8336713995943206,1.7951318458417849,11.683569979716024,65.6,0.7606490872210954,33.3,0.4563894523326572,0.15212981744421905,53.9,0.5172413793103449
pl_72970122,Gianluigi Donnarumma,G,0.0,0.0,0.0,0.0,0.0,0.0,25.852941176470587,80.3,0.029411764705882353,0.0,0.0,0.029411764705882353,91.7,0.058823529411764705
pl_2091031,Jack Grealish,F,0.1103617412630288,0.33108522378908645,7.7,0.275904353157572,1.4347026364193745,0.4414469650521152,31.618638871857755,84.1,2.207234825260576,25.6,1.1587982832618025,0.6621704475781729,50.5,1.2691600245248313
pl_08527943,Joško Gvardiol,D,0.13100436681222707,0.13100436681222707,11.8,0.06550218340611354,1.1135371179039302,0.3930131004366812,68.58078602620087,89.4,0.3930131004366812,50.0,1.1790393013100435,0.982532751091703,53.8,0.13100436681222707
pl_61504595,Jérémy Doku,F,0.2522421524663677,0.2522421524663677,12.8,0.655829596412556,1.967488789237668,0.7567264573991032,38.946188340807176,82.9,3.0269058295964126,27.1,1.1603139013452914,0.655829596412556,52.8,4.237668161434978
pl_08355220,Marc Guéhi,D,0.08571428571428572,0.08571428571428572,9.4,0.14285714285714285,0.9142857142857143,0.2571428571428571,65.97142857142858,89.6,0.5142857142857142,17.6,1.3142857142857143,1.4285714285714286,63.4,0.2
pl_96300162,Matheus Nunes,D,0.031413612565445025,0.15706806282722513,14.3,0.18848167539267016,0.2198952879581152,0.06282722513089005,67.75916230366492,89.1,0.8795811518324608,24.2,1.7905759162303665,0.9424083769633508,58.8,0.8795811518324608
pl_58717226,Nico O'Reilly,D,0.16993957703927492,0.10196374622356497,12.2,0.20392749244712993,1.3935045317220545,0.5098187311178248,46.01963746223565,86.2,0.7817220543806647,23.7,2.311178247734139,0.6797583081570997,46.9,0.8157099697885197
pl_45889667,Phil Foden,M,0.29900332225913623,0.2135738016136687,12.7,0.46986236355007116,2.349311817750356,0.8115804461319411,51.68485999050783,88.2,2.349311817750356,33.6,1.4523018509729473,0.3844328429046037,48.0,1.0678690080683435
pl_84703422,Rayan Cherki,M,0.20066889632107024,0.6020066889632107,7.3,0.9531772575250836,2.759197324414716,0.6521739130434783,64.06354515050167,86.5,3.060200668896321,30.0,1.3043478260869565,0.3511705685618729,45.9,2.5585284280936453
pl_2707662,Rúben Dias,D,0.08375988832014891,0.0,20.0,0.0,0.41879944160074456,0.16751977664029782,73.37366216845045,93.0,0.2931596091205212,33.3,0.5444392740809679,0.9632387156817125,60.3,0.12563983248022337
pl_30485505,Amad Diallo,F,0.07679180887372014,0.11518771331058021,3.8,0.2687713310580205,2.0349829351535837,0.8831058020477816,34.7098976109215,87.9,1.5742320819112627,24.4,1.4590443686006827,0.6527303754266212,50.4,1.4974402730375427
pl_74109653,Andrey Santos,M,0.0703125,0.0,9.1,0.0703125,0.7734375,0.140625,56.0390625,90.1,0.5625,0.0,2.6015625,1.40625,62.0,0.140625
pl_30427522,Benjamin Šeško,F,0.6055045871559632,0.055045871559633024,18.0,0.0,3.3577981651376145,1.8715596330275228,16.844036697247706,69.0,0.4954128440366972,0.0,0.2752293577981651,0.16513761467889906,40.7,0.5504587155963302
pl_4724692,Bruno Fernandes,M,0.26418786692759294,0.6164383561643835,10.6,0.9686888454011741,2.495107632093933,0.7045009784735812,58.53228962818003,82.2,4.021526418786692,30.1,1.5851272015655575,0.5870841487279843,45.6,0.44031311154598823
pl_57338328,Bryan Mbeumo,F,0.3777184280808851,0.10301411674933231,15.1,0.20602823349866461,2.5066768409004196,1.0988172453262113,27.333078977489507,79.0,1.6138878290728729,33.0,0.8584509729111026,0.2747043113315528,32.5,0.6180847004959938
pl_58883966,Carlos Baleba,M,0.0,0.0,0.0,0.053667262969588556,1.073345259391771,0.10733452593917711,40.143112701252235,86.1,0.48300536672629696,0.0,1.9856887298747765,1.556350626118068,50.0,0.6440071556350626
pl_13690681,Diogo Dalot,D,0.034403669724770644,0.10321100917431193,4.2,0.1720183486238532,0.8256880733944955,0.20642201834862386,38.944954128440365,85.0,0.9977064220183486,29.8,1.823394495412844,0.9288990825688074,59.5,0.6192660550458715
pl_1907138,Harry Maguire,D,0.05398920215956809,0.10797840431913618,7.1,0.10797840431913618,0.7558488302339532,0.21595680863827235,45.94481103779244,86.1,0.21595680863827235,25.0,1.187762447510498,0.7018596280743852,70.0,0.05398920215956809
pl_7416014,Karl Darlow,G,0.0,0.0,0.0,0.0,0.0,0.0,38.45454545454545,58.2,0.0,0.0,0.045454545454545456,0.0,100.0,0.045454545454545456
pl_40569146,Kobbie Mainoo,M,0.05389221556886227,0.10778443113772454,7.7,0.05389221556886227,0.7005988023952096,0.16167664670658682,56.425149700598794,89.2,1.1856287425149699,30.8,1.9401197604790417,1.0778443113772453,49.5,1.0239520958083832
pl_40572975,Leny Yoro,D,0.0,0.0,0.0,0.0,0.46338672768878725,0.15446224256292906,50.818077803203664,88.4,0.20594965675057209,33.3,1.6475972540045767,1.5961098398169338,56.1,0.10297482837528604
pl_72551049,Lisandro Martínez,D,0.0,0.0,0.0,0.07275666936135813,0.36378334680679064,0.0,68.31851253031529,89.9,0.36378334680679064,50.0,1.3823767178658044,0.8730800323362975,65.3,1.0185933710590138
pl_7341613,Luke Shaw,D,0.02785515320334262,0.02785515320334262,10.0,0.02785515320334262,0.2785515320334262,0.08356545961002786,47.68802228412257,86.8,0.44568245125348194,17.0,2.0612813370473537,1.2813370473537604,55.4,0.2785515320334262
pl_08384937,Mason Mount,M,0.26522593320235754,0.0,15.8,0.08840864440078584,1.6797642436149312,0.44204322200392926,37.92730844793713,81.6,1.237721021611002,4.5,2.1218074656188604,0.7956777996070726,43.5,0.618860510805501
pl_57366939,Matheus Cunha,F,0.3595685177786656,0.07191370355573312,11.1,0.14382740711146624,3.2361166600079905,1.2584898122253296,31.642029564522574,80.5,1.2584898122253296,22.0,1.4023172193367959,0.7550938873351978,46.5,1.5821014782261287
pl_29670628,Matthijs de Ligt,D,0.07692307692307693,0.0,9.1,0.15384615384615385,0.8461538461538461,0.23076923076923078,47.07692307692308,87.7,0.23076923076923078,80.0,1.4615384615384615,1.1538461538461537,62.7,0.07692307692307693
pl_13654130,Noussair Mazraoui,D,0.0,0.0,0.0,0.0,0.44031311154598823,0.0,47.81800391389432,87.3,0.6164383561643836,30.8,2.4657534246575343,1.2328767123287672,63.0,0.7045009784735812
pl_83008588,Patrick Dorgu,D,0.2464065708418891,0.2464065708418891,15.4,0.36960985626283366,1.6016427104722792,0.7392197125256673,31.1088295687885,76.0,1.6632443531827514,26.3,2.9568788501026693,0.9240246406570841,54.4,0.677618069815195
pl_57916129,Senne Lammens,G,0.0,0.0,0.0,0.0,0.0,0.0,29.40625,59.1,0.0,0.0,0.03125,0.0,91.7,0.0
pl_3111582,Youri Tielemans,M,0.0,0.19334049409237378,0.0,0.24167561761546721,1.1600429645542427,0.3383458646616541,54.5703544575725,84.9,1.5467239527389902,30.4,2.80343716433942,0.870032223415682,60.3,0.435016111707841
pl_57444312,Aaron Wan-Bissaka,D,0.0,0.08637236084452975,0.0,0.08637236084452975,0.0,0.0,31.871401151631478,76.7,0.7773512476007678,38.1,1.425143953934741,1.727447216890595,50.3,0.690978886756238
pl_58787777,Alejandro Garnacho,F,0.0701480904130943,0.2805923616523772,3.0,0.42088854247856583,2.314886983632112,0.49103663289166016,33.180046765393605,87.3,2.034294621979735,13.6,1.0522213561964147,0.2805923616523772,44.7,0.9820732657833203
pl_57349263,Amadou Onana,M,0.10135135135135134,0.0,10.5,0.0,0.9628378378378378,0.3547297297297297,43.023648648648646,87.4,0.3547297297297297,0.0,2.4324324324324325,1.2668918918918919,63.9,0.3547297297297297
pl_08400274,Boubacar Kamara,M,0.06346967559943582,0.19040902679830746,14.3,0.0,0.44428772919605075,0.2538787023977433,51.918194640338506,88.3,0.9520451339915373,0.0,2.348377997179125,1.1424541607898449,56.9,0.8885754583921015
pl_61324228,Emiliano Buendía,F,0.30269058295964124,0.10089686098654709,12.2,0.2522421524663677,2.4719730941704037,0.655829596412556,33.19506726457399,81.5,1.5134529147982063,0.0,2.4719730941704037,0.7567264573991032,44.9,0.45403587443946186
pl_57929743,Ian Maatsen,D,0.0,0.05572755417956657,0.0,0.2786377708978328,1.1145510835913313,0.2786377708978328,39.845201238390096,86.0,1.4489164086687307,22.2,2.3962848297213624,1.0588235294117647,48.8,1.170278637770898
pl_5287874,John McGinn,F,0.20746887966804978,0.16597510373443983,17.9,0.2904564315352697,1.1618257261410787,0.49792531120331945,31.286307053941908,82.4,1.7012448132780082,25.3,1.2033195020746887,0.49792531120331945,44.8,0.7883817427385892
pl_30302208,João Gomes,M,0.03165670066830813,0.03165670066830813,5.3,0.06331340133661625,0.6014773126978544,0.22159690467815688,46.06049947238832,85.6,0.50650721069293,34.4,3.3872669715089696,1.1396412240590925,50.4,1.3612381287372495
pl_83252934,Lamare Bogarde,M,0.0,0.0,0.0,0.0,0.0,0.0,41.16847826086956,89.7,0.16304347826086957,50.0,2.119565217391304,0.4076086956521739,52.3,0.16304347826086957
pl_61918650,Matty Cash,D,0.08940397350993377,0.08940397350993377,10.0,0.11920529801324503,0.8940397350993377,0.29801324503311255,41.51324503311258,85.5,0.923841059602649,19.8,1.9668874172185429,0.6556291390728477,51.5,0.32781456953642385
pl_72550306,Pau Torres,D,0.0,0.0,0.0,0.0,0.48329355608591884,0.05369928400954654,62.720763723150355,89.0,0.05369928400954654,0.0,1.1813842482100239,0.5906921241050119,55.7,0.37589498806682575
pl_8043500,Tyrone Mings,D,0.0,0.0,0.0,0.06802721088435375,0.6122448979591837,0.06802721088435375,63.673469387755105,90.0,0.3401360544217687,25.0,0.3401360544217687,0.7482993197278912,55.1,0.1360544217687075
pl_08984824,Alexis Mac Allister,M,0.06728971962616823,0.13457943925233645,3.8,0.13457943925233645,1.749532710280374,0.40373831775700936,48.38130841121495,86.6,1.2112149532710281,45.0,1.783177570093458,0.7065420560747664,45.2,0.37009345794392523
pl_7922290,Alisson,G,0.0,0.0,0.0,0.0,0.0,0.0,31.346153846153847,79.0,0.0,0.0,0.0,0.0,78.6,0.0
pl_30118236,Cody Gakpo,F,0.22875816993464052,0.16339869281045752,8.0,0.32679738562091504,2.8431372549019605,0.6862745098039216,24.509803921568626,78.5,1.7647058823529411,12.6,0.9150326797385621,0.42483660130718953,48.5,1.1111111111111112
pl_61959165,Dominik Szoboszlai,M,0.16702752861119702,0.19486545004639652,8.5,0.38973090009279304,1.9764924218991649,0.6402721930095886,60.881534178781315,87.7,2.171357871945561,33.2,1.5589236003711722,0.8351376430559851,45.8,0.7237859573151871
pl_96978770,Florian Wirtz,M,0.18844221105527637,0.11306532663316582,9.8,0.18844221105527637,1.922110552763819,0.6783919597989949,53.55527638190954,84.5,2.298994974874372,15.6,1.2814070351758793,0.414572864321608,39.9,1.4698492462311556
pl_96943618,Hugo Ekitiké,F,0.5469613259668509,0.19889502762430938,16.9,0.14917127071823205,3.2320441988950277,0.9447513812154696,19.88950276243094,76.8,1.0441988950276244,12.5,0.5469613259668509,0.14917127071823205,38.5,1.8895027624309393
pl_29102382,Jeremie Frimpong,D,0.0,0.08426966292134831,0.0,0.42134831460674155,0.8426966292134831,0.16853932584269662,37.162921348314605,84.6,1.2640449438202246,21.6,0.9269662921348314,0.5056179775280899,48.3,1.5168539325842696
pl_40980675,Miloš Kerkez,D,0.07822685788787484,0.03911342894393742,22.2,0.11734028683181226,0.3520208604954368,0.07822685788787484,41.85136897001304,85.3,1.0169491525423728,19.0,1.6036505867014341,0.5475880052151239,59.1,0.46936114732724904
pl_30263610,Ryan Gravenberch,M,0.15020026702269693,0.09012016021361816,13.2,0.12016021361815754,1.1415220293724966,0.390520694259012,55.87449933244325,88.9,0.8711615487316421,0.0,1.7723631508678237,1.4419225634178905,56.3,0.9612817089452603
pl_4089246,Virgil van Dijk,D,0.15789473684210525,0.0,20.0,0.0,0.7894736842105263,0.3684210526315789,73.47368421052632,89.0,0.3157894736842105,0.0,0.5789473684210527,0.7368421052631579,73.5,0.05263157894736842
pl_650110,Adam Smith,D,0.0,0.16438356164383564,0.0,0.08219178082191782,0.0,0.0,29.835616438356166,78.0,0.4109589041095891,7.7,1.2328767123287672,0.6575342465753425,44.4,0.08219178082191782
pl_84783964,Adrien Truffert,D,0.02662721893491124,0.1331360946745562,6.3,0.10650887573964496,0.42603550295857984,0.15976331360946744,41.53846153846154,83.5,0.8520710059171597,23.8,2.7426035502958577,1.2781065088757395,53.1,0.8786982248520709
pl_62854502,Alex Scott,M,0.0944386149003148,0.031479538300104935,6.8,0.12591815320041974,1.3850996852046171,0.4092339979013641,43.85099685204617,84.9,0.8814270724029382,15.9,1.888772298006296,1.1332633788037776,55.6,0.912906610703043
pl_84774253,Amine Adli,F,0.24412296564195296,0.081374321880651,15.0,0.081374321880651,1.6274864376130198,0.7323688969258589,33.60759493670886,77.2,1.301989150090416,5.0,2.9294755877034357,0.5696202531645569,53.3,0.650994575045208
pl_84736403,Bafodé Diakité,D,0.0,0.0,0.0,0.0,0.06998444790046655,0.0,52.418351477449455,88.0,0.20995334370139968,0.0,1.3996889580093312,0.8398133748055987,54.1,0.0
pl_29760175,David Brooks,M,0.07377049180327869,0.22131147540983606,2.1,0.5901639344262295,3.540983606557377,0.959016393442623,32.82786885245902,77.1,1.918032786885246,18.6,1.4016393442622952,0.29508196721311475,41.4,1.2540983606557377
pl_83649967,Eli Junior Kroupi,M,0.6923076923076923,0.0,25.0,0.15976331360946744,2.769230769230769,1.1715976331360947,24.8698224852071,76.0,1.1715976331360947,9.1,0.47928994082840237,0.47928994082840237,31.0,0.7988165680473372
pl_13813745,Evanilson,F,0.19572308807538963,0.032620514679231605,8.6,0.09786154403769481,2.2834360275462124,0.7176513229430953,15.168539325842698,76.6,1.0112359550561798,0.0,0.42406669083001086,0.26096411743385284,39.8,0.5219282348677057
pl_62192309,James Hill,D,0.0,0.12735849056603774,0.0,0.08490566037735849,0.5094339622641509,0.08490566037735849,44.02358490566037,77.7,0.5518867924528301,18.2,1.6556603773584904,1.6556603773584904,63.8,0.08490566037735849
pl_61513333,Marcus Tavernier,F,0.23009495982468955,0.13148283418553688,10.0,0.295836376917458,2.3009495982468957,0.7888970051132214,37.078159240321405,83.6,1.8078889700511322,16.7,1.314828341855369,0.5588020452885318,43.3,1.2819576333089848
pl_62502988,Rayan,F,0.40214477211796246,0.16085790884718498,17.9,0.24128686327077747,2.25201072386059,0.6434316353887399,25.576407506702413,78.3,1.126005361930295,16.7,0.8847184986595175,0.6434316353887399,40.7,1.0455764075067024
pl_72997709,Tyler Adams,M,0.10123734533183351,0.10123734533183351,20.0,0.10123734533183351,0.5061867266591675,0.30371203599550056,51.12485939257593,87.1,0.3543307086614173,66.7,2.682789651293588,1.670416197975253,51.3,0.30371203599550056
pl_08304928,Đorđe Petrović,G,0.0,0.0,0.0,0.0,0.0,0.0,23.710526315789473,64.4,0.0,0.0,0.0,0.0,88.5,0.0
pl_84696945,Brian Brobbey,F,0.32407407407407407,0.046296296296296294,19.4,0.09259259259259259,1.6666666666666665,0.8333333333333333,12.731481481481481,72.0,0.6944444444444444,0.0,0.41666666666666663,0.0,42.7,0.09259259259259259
pl_40565794,Chemsdine Talbi,F,0.23062139654067904,0.05765534913516976,16.0,0.0,1.4413837283792441,0.5765534913516976,23.177450352338244,81.3,0.6918641896220371,14.3,0.6342088404868673,0.11531069827033952,31.9,0.9224855861627161
pl_84734922,Daniel Ballard,D,0.08379888268156424,0.0,7.7,0.12569832402234637,1.089385474860335,0.3770949720670391,46.21508379888268,82.1,0.6284916201117319,0.0,1.3826815642458101,0.8379888268156425,58.9,0.12569832402234637
pl_08530510,Enzo Le Fée,F,0.15285326086956522,0.18342391304347827,13.9,0.3974184782608696,1.1005434782608696,0.36684782608695654,34.02513586956522,81.4,1.6202445652173914,25.0,2.720788043478261,0.8865489130434784,45.9,0.3974184782608696
pl_3033157,Granit Xhaka,M,0.031002411298656565,0.1860144677919394,4.8,0.2790217016879091,0.6510506372717879,0.1550120564932828,56.02135721667241,83.7,1.0540819841543232,23.2,1.5501205649328282,0.8990699276610403,60.3,0.34102652428522223
pl_97660011,Habib Diarra,M,0.1279317697228145,0.1279317697228145,7.7,0.06396588486140725,1.6631130063965884,0.511727078891258,27.889125799573563,81.9,0.44776119402985076,12.5,0.8955223880597015,0.255863539445629,45.3,0.3837953091684435
pl_74265191,Noah Sadiki,M,0.0,0.031098825155494125,0.0,0.0,0.5597788527988942,0.15549412577747063,34.3953006219765,85.4,0.5908776779543883,19.0,1.4305459571527297,1.0573600552868,53.5,0.8396682791983413
pl_08485051,Nordi Mukiele,D,0.09687836383207751,0.12917115177610333,11.5,0.22604951560818085,0.8396124865446717,0.12917115177610333,38.396124865446716,78.6,0.7750269106566201,16.3,2.2282023681377825,1.2917115177610334,58.3,0.41980624327233584
pl_30812732,Omar Alderete,D,0.032119914346895075,0.032119914346895075,4.2,0.032119914346895075,0.7708779443254818,0.2890792291220557,41.88436830835118,81.1,0.2890792291220557,27.3,1.0278372591006424,1.1563169164882228,54.3,0.5460385438972163
pl_08379444,Reinildo Mandava,D,0.0,0.04570848146267141,0.0,0.0,0.18283392585068564,0.0,37.20670391061453,85.9,0.27425088877602843,17.4,1.782630777044185,1.4169629253428138,55.0,0.6856272219400712
pl_84849530,Robin Roefs,G,0.0,0.0,0.0,0.02857142857142857,0.0,0.0,37.74285714285714,63.7,0.14285714285714285,0.0,0.0,0.0,94.6,0.02857142857142857
pl_08599919,Trai Hume,D,0.05926901547579848,0.02963450773789924,5.9,0.02963450773789924,1.007573263088574,0.2074415541652947,31.056964109318404,75.4,0.859400724399078,15.1,1.9855120184392492,0.740862693447481,53.4,0.1481725386894962
pl_13688595,Wilson Isidor,F,0.46035805626598464,0.0,14.0,0.0,3.29923273657289,1.3043478260869565,10.358056265984654,60.0,0.0,0.0,0.8439897698209718,0.07672634271099744,29.2,0.46035805626598464
pl_57994669,Bart Verbruggen,G,0.0,0.0,0.0,0.0,0.0,0.0,40.76315789473684,76.0,0.02631578947368421,0.0,0.02631578947368421,0.0,76.2,0.02631578947368421
pl_83229696,Diego Gómez,F,0.21067415730337077,0.042134831460674156,11.9,0.16853932584269662,1.7696629213483146,0.5898876404494382,31.727528089887638,78.0,0.8848314606741573,28.6,3.286516853932584,0.7584269662921348,49.8,0.800561797752809
pl_08405534,Ferdi Kadıoğlu,D,0.02871729419272495,0.0,3.6,0.0574345883854499,0.8040842373962986,0.37332482450542437,39.25654116145501,85.6,0.6317804722399489,21.3,1.6368857689853222,0.7466496490108487,54.0,0.3446075303126994
pl_45290886,Georginio Rutter,F,0.14966740576496673,0.14966740576496673,7.1,0.3991130820399113,2.0953436807095343,0.6984478935698448,21.751662971175165,69.5,1.247228381374723,14.3,1.5964523281596452,0.5487804878048781,39.9,1.3968957871396896
pl_40569484,Jack Hinshelwood,M,0.20571428571428574,0.1542857142857143,10.8,0.10285714285714287,1.902857142857143,0.7714285714285715,32.502857142857145,82.6,0.7714285714285715,0.0,0.9771428571428572,0.2571428571428572,35.9,0.1542857142857143
pl_72066213,Kaoru Mitoma,F,0.15688553166763508,0.05229517722254503,9.4,0.20918070889018012,1.673445671121441,0.6798373038930854,30.017431725740845,82.4,1.6211504938988959,17.4,0.9413131900058105,0.47065659500290524,40.0,1.464264962231261
pl_4548006,Lewis Dunk,D,0.03164556962025316,0.0,4.2,0.03164556962025316,0.7594936708860759,0.09493670886075949,78.86075949367088,92.3,0.22151898734177214,20.0,1.1075949367088607,0.9493670886075949,58.5,0.12658227848101264
pl_84733939,Mats Wieffer,D,0.09404388714733543,0.14106583072100315,11.1,0.18808777429467086,0.8463949843260189,0.2821316614420063,41.426332288401255,83.2,0.9404388714733543,18.8,3.103448275862069,1.1755485893416928,49.3,0.42319749216300945
pl_96339314,Maxim De Cuyper,D,0.12474012474012473,0.1871101871101871,15.4,0.5613305613305613,0.8108108108108107,0.3742203742203742,43.160083160083154,84.2,2.058212058212058,44.4,1.4345114345114343,0.7484407484407484,47.7,0.43659043659043656
pl_185007,Pascal Groß,M,0.05501222493887531,0.16503667481662593,5.6,0.27506112469437655,0.9902200488997556,0.4951100244498778,59.02811735941321,85.9,2.145476772616137,33.6,1.595354523227384,0.6601466992665037,46.6,0.38508557457212717
pl_45857104,Pascal Struijk,D,0.0,0.030643513789581207,0.0,0.06128702757916241,0.9499489274770174,0.15321756894790603,56.353421859039834,88.5,0.3677221654749745,0.0,1.195097037793667,0.9499489274770174,55.6,0.12257405515832483
pl_62954924,Yankuba Minteh,F,0.11259382819015847,0.1501251042535446,7.3,0.4128440366972477,1.5387823185988323,0.4128440366972477,23.644703919933278,67.9,1.726438698915763,23.3,2.1017514595496247,0.6380316930775646,48.2,2.4395329441201
pl_72797991,Yasin Ayari,M,0.1391035548686244,0.1391035548686244,7.3,0.09273570324574962,1.9010819165378672,0.46367851622874806,44.65224111282844,86.1,0.7418856259659969,20.8,2.179289026275116,1.205564142194745,47.4,0.8346213292117465
pl_6164200,Callum Wilson,F,0.49920760697305866,0.07131537242472266,18.4,0.07131537242472266,2.709984152139461,1.1410459587955626,11.125198098256735,64.7,0.5705229793977813,20.0,0.28526148969889065,0.21394611727416799,34.0,0.9270998415213946
pl_96200986,Caoimhin Kelleher,G,0.0,0.0,0.0,0.0,0.0,0.0,35.0,65.3,0.08108108108108109,0.0,0.02702702702702703,0.02702702702702703,72.7,0.08108108108108109
pl_25387823,Dango Ouattara,F,0.27643703378674855,0.1184730144800351,12.5,0.4738920579201404,2.2114962702939884,0.7898200965335673,19.153137340939008,63.1,1.0662571303203159,17.6,0.9477841158402808,0.9477841158402808,42.5,0.9082931110136024
pl_01901502,El Hadji Malick Diouf,D,0.0,0.16599040944300994,0.0,0.16599040944300994,0.5975654739948358,0.13279232755440795,34.459609000368864,74.4,0.9959424566580597,26.9,1.4607156030984876,1.0955367023238656,53.7,0.7635558834378458
pl_30303372,Igor Thiago,F,0.6029232643118149,0.027405602923264313,26.2,0.16443361753958588,2.302070645554202,1.1784409257003654,17.265529841656516,69.2,0.6577344701583435,36.8,1.041412911084044,0.32886723507917176,38.7,0.794762484774665
pl_13196411,Jaidon Anthony,F,0.26248632883703976,0.06562158220925994,14.5,0.1968647466277798,1.8045935107546482,0.7546481954064892,29.43127962085308,79.9,1.2139992708713088,17.5,1.3780532263944587,0.4921618665694495,41.6,1.1811884797666787
pl_29169291,Keane Lewis-Potter,F,0.135678391959799,0.135678391959799,9.7,0.271356783919598,1.4020100502512562,0.40703517587939697,25.68844221105528,77.6,0.8592964824120604,31.9,1.0402010050251256,0.542713567839196,47.0,0.7236180904522613
pl_30357884,Kevin Schade,F,0.2611534276387378,0.09793253536452666,14.0,0.22850924918389554,1.8607181719260066,0.7834602829162133,17.20348204570185,67.7,0.9466811751904244,22.7,1.338411316648531,0.5875952121871599,44.1,0.6528835690968444
pl_08795359,Kristoffer Ajer,D,0.0,0.049450549450549455,0.0,0.049450549450549455,0.4945054945054945,0.14835164835164835,34.91208791208791,80.0,0.19780219780219782,14.3,1.8296703296703298,0.8901098901098902,54.1,0.14835164835164835
pl_29661058,Mathias Jensen,M,0.11857707509881422,0.039525691699604744,10.3,0.43478260869565216,1.1462450592885376,0.31620553359683795,44.34782608695652,80.8,1.383399209486166,30.2,1.6205533596837944,0.8300395256916996,41.7,0.7509881422924901
pl_25950505,Michael Kayode,D,0.027573529411764705,0.027573529411764705,11.1,0.11029411764705882,0.24816176470588236,0.08272058823529412,31.46139705882353,85.0,0.9926470588235294,25.0,1.8474264705882353,1.0477941176470589,57.7,1.5165441176470589
pl_96487783,Mikkel Damsgaard,M,0.17324350336862368,0.17324350336862368,13.8,0.519730510105871,1.2560153994225216,0.47641963426371514,41.18864292589028,76.3,1.8190567853705486,28.9,2.4687199230028876,1.082771896053898,42.8,0.7795957651588066
pl_61021432,Nathan Collins,D,0.030282637954239567,0.060565275908479134,5.0,0.15141318977119783,0.6056527590847913,0.1816958277254374,53.08546433378196,83.1,0.33310901749663524,100.0,0.9387617765814266,1.120457604306864,55.8,0.21197846567967696
pl_84443707,Rico Henry,D,0.0,0.06746626686656672,0.0,0.06746626686656672,0.3373313343328336,0.0,32.45127436281859,76.9,0.2698650674662669,12.0,1.0119940029985006,0.5397301349325337,49.3,1.0119940029985006
pl_84608226,Sepp van den Berg,D,0.0,0.06519377037305324,0.0,0.1629844259326331,0.7497283592901123,0.22817819630568634,46.35277073524085,88.5,0.22817819630568634,0.0,0.7497283592901123,0.945309670409272,64.6,0.03259688518652662
pl_57297972,Vitaly Janelt,M,0.06211180124223602,0.24844720496894407,8.3,0.43478260869565216,0.7453416149068323,0.18633540372670807,50.37267080745341,87.3,1.3043478260869563,31.1,1.6770186335403725,1.8633540372670805,50.0,0.3105590062111801
pl_84854003,Yehor Yarmoliuk,M,0.03364485981308411,0.06728971962616823,6.3,0.03364485981308411,0.5383177570093458,0.13457943925233645,45.3196261682243,84.3,0.5046728971962617,26.7,2.355140186915888,0.9420560747663551,45.7,0.5046728971962617
pl_13868348,Cole Palmer,M,0.45801526717557256,0.04580152671755725,15.6,0.13740458015267176,2.931297709923664,1.1450381679389314,37.55725190839695,85.7,1.1450381679389314,13.9,1.1450381679389314,0.6870229007633588,44.2,1.0076335877862597
pl_926119,Danny Welbeck,F,0.5158730158730159,0.03968253968253968,23.2,0.15873015873015872,2.2222222222222223,1.1111111111111112,19.285714285714285,79.4,0.7936507936507937,0.0,0.9523809523809524,0.35714285714285715,36.0,0.4365079365079365
pl_5837699,Emiliano Martínez,G,0.0,0.031746031746031744,0.0,0.06349206349206349,0.0,0.0,38.44444444444444,73.7,0.06349206349206349,0.0,0.0,0.0,96.6,0.0
pl_45277146,Enzo Fernández,M,0.28836911246395386,0.11534764498558155,13.9,0.3172060237103492,2.076257609740468,0.8939442486382569,58.827298942646586,86.0,1.9897468760012818,18.0,1.5283562960589554,0.6055751361743031,44.2,0.37487984620314
pl_094375,Jordan Henderson,M,0.04665629860031104,0.13996889580093314,16.7,0.37325038880248834,0.27993779160186627,0.04665629860031104,54.027993779160184,77.9,0.8864696734059098,34.7,1.2597200622083982,0.7931570762052877,48.5,0.13996889580093314
pl_74290097,Jorrel Hato,D,0.0,0.0,0.0,0.07765314926660914,0.31061259706643657,0.0,59.09404659188956,92.0,0.6212251941328731,57.1,2.795513373597929,1.3977566867989646,52.6,0.543572044866264
pl_72695512,João Pedro,F,0.5048616305160808,0.1682872101720269,20.5,0.20194465220643232,2.456993268511593,0.9424083769633508,23.32460732984293,75.3,0.9760658189977561,5.6,0.9087509349289453,0.2356020942408377,48.3,1.3462976813762153
pl_84778044,Malo Gusto,D,0.07940008822232024,0.11910013233348037,16.7,0.15880017644464048,0.47640052933392146,0.23820026466696073,50.180855756506396,86.8,1.1116012351124833,20.7,2.1041023378914865,1.2307013674459637,53.7,0.5161005734450815
pl_08307983,Maxence Lacroix,D,0.02915451895043732,0.05830903790087464,4.2,0.08746355685131196,0.6997084548104957,0.20408163265306123,48.2798833819242,88.2,0.20408163265306123,40.0,1.7492711370262393,1.3119533527696794,61.3,0.20408163265306123
pl_13870831,Moisés Caicedo,M,0.09635974304068523,0.032119914346895075,11.1,0.1284796573875803,0.867237687366167,0.22483940042826553,65.94218415417559,91.7,0.6102783725910065,28.6,2.7944325481798717,1.8950749464668095,55.7,0.48179871520342615
pl_29136820,Morgan Rogers,M,0.273972602739726,0.1643835616438356,11.9,0.3561643835616438,2.3013698630136985,0.8767123287671232,29.26027397260274,74.6,1.2876712328767124,6.0,1.1506849315068493,0.3561643835616438,35.7,1.1506849315068493
pl_72571429,Pedro Neto,F,0.170261066969353,0.2043132803632236,10.9,0.4086265607264472,1.5664018161180477,0.4426787741203178,31.70261066969353,87.3,1.872871736662883,20.3,0.6469920544835415,0.2043132803632236,40.3,1.6004540295119183
pl_84622343,Reece James,D,0.09178990311065784,0.18357980622131567,9.1,0.36715961244263134,1.0096889342172362,0.32126466088730243,60.76491585925548,89.0,1.2391636919938807,23.8,2.202957674655788,1.5145334013258542,59.3,0.5048444671086181
pl_61592556,Robert Sánchez,G,0.0,0.0295955277869122,0.0,0.0591910555738244,0.0,0.0,38.62216376192042,66.7,0.14797763893456098,0.0,0.0591910555738244,0.0295955277869122,89.7,0.0
pl_08935270,Wesley Fofana,D,0.0,0.05214368482039398,0.0,0.05214368482039398,0.4171494785631518,0.05214368482039398,65.33603707995366,92.1,0.15643105446118194,50.0,0.9907300115874855,2.085747392815759,60.6,0.5214368482039398
pl_1617137,Alex Iwobi,F,0.14790468364831552,0.11092851273623665,10.3,0.14790468364831552,1.4420706655710764,0.5546425636811833,52.94987674609696,85.1,1.6269515201314708,34.4,0.9983566146261298,0.5176663927691043,45.3,0.7025472473294988
pl_08432993,Antonee Robinson,D,0.06032171581769436,0.0,16.7,0.06032171581769436,0.3619302949061662,0.06032171581769436,48.25737265415549,80.0,1.327077747989276,18.2,2.8954423592493295,1.7493297587131367,57.2,0.7238605898123324
pl_4511111,Bernd Leno,G,0.0,0.0,0.0,0.0,0.0,0.0,36.68421052631579,77.3,0.0,0.0,0.10526315789473684,0.02631578947368421,96.6,0.0
pl_96228824,Calvin Bassey,D,0.03537735849056604,0.0,7.7,0.0,0.4599056603773585,0.07075471698113207,60.35377358490566,87.7,0.3537735849056604,21.4,2.1933962264150946,0.7783018867924528,61.6,0.3537735849056604
pl_45815452,Emile Smith Rowe,M,0.13896037056098817,0.0,8.3,0.04632012352032939,1.667524446731858,0.5095213587236233,42.61451363870304,91.1,0.833762223365929,7.7,1.6212043232115285,1.0190427174472465,49.7,0.6484817292846115
pl_9467120,Joachim Andersen,D,0.0,0.031206657420249653,0.0,0.09361997226074896,0.49930651872399445,0.12482662968099861,70.99514563106796,86.1,0.2184466019417476,26.7,1.4042995839112344,1.1234396671289875,63.2,0.18723994452149792
pl_25298356,Joshua King,M,0.06870229007633588,0.13740458015267176,3.8,0.0,1.786259541984733,0.7557251908396947,23.908396946564885,79.9,1.0305343511450382,0.0,1.8549618320610688,0.20610687022900764,49.7,1.099236641221374
pl_3765481,Kenny Tete,D,0.049944506104328525,0.0,6.3,0.049944506104328525,0.7991120976692564,0.14983351831298558,44.25083240843507,84.4,0.5493895671476138,38.2,3.2463928967813542,1.3485016648168702,60.1,0.3995560488346282
pl_74165544,Kevin,F,0.08678881388621022,0.08678881388621022,4.0,0.08678881388621022,2.1697203471552555,0.8678881388621023,29.421407907425266,76.4,1.2150433944069432,27.3,1.8225650916104146,0.781099324975892,44.3,3.8187078109932497
pl_62884104,Oscar Bobb,M,0.0,0.08571428571428572,0.0,0.08571428571428572,1.0285714285714287,0.2571428571428572,34.371428571428574,85.8,1.885714285714286,28.6,1.8,0.7714285714285715,53.0,2.3142857142857145
pl_84045605,Ryan Sessegnon,D,0.1481888035126235,0.04939626783754117,18.8,0.1481888035126235,0.7903402854006587,0.19758507135016468,33.54006586169045,76.4,0.6915477497255763,10.7,2.371020856201976,1.234906695938529,43.6,0.4445664105378705
pl_30873502,Sander Berge,M,0.0,0.030917210580556513,0.0,0.09275163174166953,0.4637581587083477,0.09275163174166953,53.45585709378221,89.8,0.6492614221916868,23.1,1.7622810030917213,0.7729302645139128,54.4,0.2782548952250086
pl_3110443,Timothy Castagne,D,0.0,0.0,0.0,0.14423076923076922,0.673076923076923,0.28846153846153844,38.26923076923077,86.3,0.8653846153846153,31.3,1.923076923076923,1.4903846153846154,57.4,0.14423076923076922
pl_96327772,Anthony Elanga,F,0.0,0.06726457399103139,0.0,0.13452914798206278,1.1434977578475336,0.26905829596412556,28.654708520179373,80.8,1.0089686098654709,14.6,0.9417040358744394,0.20179372197309417,42.5,0.874439461883408
pl_1374154,Dan Burn,D,0.040742417383431415,0.08148483476686283,10.0,0.0,0.4074241738343142,0.12222725215029426,42.94250792213671,79.3,0.28519692168401994,7.1,1.6296966953372567,0.8555907650520598,54.7,0.08148483476686283
pl_9641437,Fabian Schär,D,0.0,0.0,0.0,0.0,1.4023831347387719,0.32997250229147573,65.66452795600367,84.4,0.32997250229147573,25.0,1.154903758020165,1.4848762603116408,57.9,0.0
pl_30187283,Harvey Barnes,M,0.32126466088730243,0.04589495155532892,12.1,0.18357980622131567,2.661907190209077,0.9637939826619072,26.848546659867417,80.7,1.101478837327894,20.0,0.5966343702192759,0.13768485466598676,35.9,0.5966343702192759
pl_6525555,Jacob Murphy,M,0.16594960049170251,0.11063306699446834,7.1,0.5531653349723417,2.3232944068838353,0.7191149354640441,27.60295021511985,73.3,1.2722802704363858,19.2,0.8850645359557467,0.33189920098340503,40.3,1.1063306699446833
pl_30482218,Jacob Ramsey,M,0.12286689419795221,0.18430034129692832,12.5,0.12286689419795221,0.9829351535836177,0.24573378839590443,43.43344709897611,89.8,1.3515358361774743,44.4,2.51877133105802,0.552901023890785,54.9,0.9215017064846416
pl_13745878,Joe Willock,M,0.0,0.17804154302670624,0.0,0.3560830860534125,1.513353115727003,0.5341246290801187,31.95845697329377,84.1,1.2462908011869438,20.0,1.7804154302670625,0.8011869436201781,41.4,0.6231454005934719
pl_84259945,Joelinton,M,0.09216589861751152,0.04608294930875576,6.3,0.1382488479262673,1.4746543778801844,0.5069124423963134,38.663594470046085,82.7,0.783410138248848,20.0,1.9815668202764978,1.3824884792626728,50.3,0.7373271889400922
pl_19399975,Lewis Hall,D,0.041303350160624135,0.041303350160624135,4.0,0.20651675080312068,1.0325837540156035,0.24782010096374482,52.08352455254704,85.2,1.0325837540156035,19.6,2.2303809086737036,1.156493804497476,54.3,1.528223955943093
pl_19670918,Lewis Miley,M,0.06024096385542168,0.24096385542168672,8.3,0.18072289156626503,0.7228915662650601,0.24096385542168672,50.602409638554214,89.8,0.9036144578313252,14.3,1.7469879518072287,1.2048192771084336,66.4,0.7228915662650601
pl_61619483,Malick Thiaw,D,0.12145748987854252,0.0,14.3,0.03036437246963563,0.8502024291497977,0.42510121457489886,51.46761133603239,89.6,0.1821862348178138,12.5,1.3360323886639678,0.9412955465587045,64.5,0.24291497975708504
pl_5839764,Nick Pope,G,0.0,0.0,0.0,0.0,0.03723624327678941,0.03723624327678941,22.71410839884154,60.3,0.0,0.0,0.03723624327678941,0.0,94.4,0.0
pl_57942727,Nick Woltemade,F,0.37132542547705005,0.13924703455389376,25.0,0.23207839092315627,1.4853017019082002,0.6034038164002063,17.8236204228984,76.3,1.0211449200618876,0.0,1.11397627643115,0.23207839092315627,38.2,0.6034038164002063
pl_61014532,Nico González,M,0.05714285714285714,0.0,7.1,0.05714285714285714,0.8,0.11428571428571428,75.2,90.3,0.6285714285714286,33.3,2.4,1.3714285714285714,55.3,0.6857142857142857
pl_61545412,Sven Botman,D,0.04896626768226333,0.04896626768226333,6.7,0.14689880304679,0.73449401523395,0.19586507072905332,58.26985854189336,87.1,0.39173014145810664,0.0,1.0772578890097932,1.32208922742111,65.8,0.19586507072905332
pl_08534832,Tino Livramento,D,0.0,0.0677710843373494,0.0,0.0677710843373494,0.20331325301204817,0.0,44.25451807228915,88.8,0.7454819277108433,25.0,1.4909638554216866,0.40662650602409633,55.0,0.9487951807228915
pl_72609541,Beto,F,0.5021698698078115,0.05579665220086795,20.9,0.05579665220086795,2.399256044637322,0.9485430874147552,11.605703657780534,62.0,0.6695598264104154,0.0,0.8369497830130193,0.05579665220086795,39.5,0.7811531308121513
pl_19455696,Brennan Johnson,F,0.10273972602739727,0.051369863013698634,8.7,0.051369863013698634,1.1815068493150687,0.2568493150684932,19.623287671232877,66.0,0.9760273972602741,26.1,1.4897260273972603,0.20547945205479454,45.3,0.4623287671232877
pl_72093207,Iliman Ndiaye,F,0.19382627422828427,0.09691313711414214,14.0,0.22613065326633167,1.3890882986360373,0.7106963388370423,30.398420674802583,84.0,0.9691313711414213,12.7,2.2613065326633164,0.5168700646087581,46.7,2.358219669777459
pl_57957176,Jake O'Brien,D,0.028744809964867453,0.028744809964867453,7.7,0.0,0.37368252954327685,0.1724688597892047,31.01564995209198,74.0,0.4886617694027467,26.5,1.6384541679974447,0.4311721494730118,61.1,0.1724688597892047
pl_29880329,James Garner,M,0.05272407732864675,0.18453427065026365,4.4,0.31634446397188054,1.186291739894552,0.3690685413005273,47.26713532513181,87.2,1.4762741652021092,25.6,3.163444639718805,1.5553602811950793,61.3,0.47451669595782076
pl_8354452,James Tarkowski,D,0.05405405405405406,0.08108108108108109,9.5,0.05405405405405406,0.5675675675675675,0.2702702702702703,42.13513513513514,80.6,0.5135135135135135,28.6,1.3783783783783783,0.8648648648648649,67.8,0.10810810810810811
pl_1953499,Jordan Pickford,G,0.0,0.0,0.0,0.02631578947368421,0.0,0.0,37.86842105263158,61.6,0.05263157894736842,0.0,0.05263157894736842,0.0,76.5,0.0
pl_13665560,Kiernan Dewsbury-Hall,M,0.2732447817836812,0.1366223908918406,20.5,0.3415559772296015,1.3320683111954459,0.5123339658444023,35.04364326375711,82.5,1.2637571157495255,18.8,1.776091081593928,0.4098671726755218,50.5,0.922201138519924
pl_6106832,Michael Keane,D,0.10309278350515463,0.034364261168384876,11.5,0.0,0.8934707903780068,0.24054982817869414,37.86941580756014,85.5,0.06872852233676975,0.0,1.2371134020618557,1.2714776632302405,61.5,0.20618556701030927
pl_62995946,Thierno Barry,F,0.3726708074534162,0.0,21.1,0.09316770186335405,1.7701863354037268,0.6521739130434783,16.863354037267083,60.5,0.5590062111801243,25.0,0.27950310559006214,0.23291925465838512,38.3,0.4192546583850932
pl_19450683,Tim Iroegbunam,M,0.0,0.11960132890365449,0.0,0.17940199335548174,0.717607973421927,0.059800664451827246,29.30232558139535,81.4,0.47840531561461797,0.0,4.0664451827242525,1.3156146179401993,54.6,0.8970099667774086
pl_57494239,Vitaliy Mykolenko,D,0.0,0.030405405405405407,0.0,0.030405405405405407,0.2736486486486487,0.060810810810810814,36.12162162162163,79.8,0.6993243243243243,21.5,1.5506756756756759,0.9121621621621623,52.7,0.30405405405405406
pl_29837726,Anton Stach,M,0.18923465096719932,0.1135407905803196,9.1,0.34062237174095883,2.0815811606391925,0.5298570227081582,35.53826745164004,77.3,2.3843566021867115,28.7,2.4600504625735913,0.7569386038687973,53.1,0.7569386038687973
pl_61956882,Ao Tanaka,M,0.13574660633484165,0.0,11.8,0.06787330316742082,1.153846153846154,0.3393665158371041,46.832579185520366,85.5,1.2217194570135748,35.9,1.8325791855203621,1.4253393665158371,46.8,0.2714932126696833
pl_29160583,Brenden Aaronson,F,0.14557217953902143,0.1819652244237768,8.5,0.32753740396279823,1.7104731095835017,0.6186817630408411,24.31055398301658,81.1,1.2373635260816822,27.8,1.8196522442377678,0.5458956732713304,40.1,1.1281843914274161
pl_0919953,Dominic Calvert-Lewin,F,0.46221570066030815,0.03301540719002201,18.9,0.06603081438004402,2.443140132061629,1.1225238444607484,15.187087307410126,58.5,0.6603081438004402,10.0,0.3301540719002201,0.13206162876008803,39.5,0.26412325752017607
pl_30175333,Ethan Ampadu,M,0.02881844380403458,0.02881844380403458,3.8,0.02881844380403458,0.7492795389048991,0.17291066282420747,49.884726224783854,85.6,0.5763688760806917,38.5,2.334293948126801,1.440922190201729,62.4,0.34582132564841495
pl_84044528,Gabriel Gudmundsson,D,0.0,0.0,0.0,0.13626040878122636,0.6131718395155186,0.10219530658591976,32.6003028009084,76.3,0.7153671461014384,26.4,2.2142316426949282,0.9197577592732779,53.6,1.328538985616957
pl_8624634,Harry Wilson,F,0.33444816053511706,0.23411371237458195,12.8,0.26755852842809363,2.608695652173913,0.8361204013377926,25.986622073578598,81.2,1.3043478260869565,27.8,0.9698996655518395,0.5016722408026756,48.4,0.6020066889632107
pl_72037540,Ilia Gruev,M,0.0,0.20239880059970014,0.0,0.13493253373313344,0.472263868065967,0.06746626686656672,39.40029985007496,89.6,0.7421289355322338,26.7,1.6191904047976011,1.0119940029985006,46.0,0.4047976011994003
pl_13743678,Jaka Bijol,D,0.047046523784631464,0.09409304756926293,6.7,0.1411395713538944,0.705697856769472,0.2822791427077888,47.51698902247778,84.9,0.3293256664924203,0.0,1.2232096184004182,1.1291165708311552,55.0,0.09409304756926293
pl_29739057,James Justin,D,0.09394572025052192,0.04697286012526096,8.3,0.2348643006263048,1.1273486430062631,0.2818371607515658,33.30375782881002,76.0,0.5636743215031316,15.8,2.630480167014614,1.315240083507307,61.1,0.1409185803757829
pl_96442149,Jayden Bogle,D,0.032039871840512636,0.06407974368102527,5.6,0.22427910288358846,0.5767176931292275,0.12815948736205054,28.323246707013173,76.2,0.6728373086507654,23.9,2.114631541473834,1.0893556425774296,45.5,0.6087575649697401
pl_13649733,Joe Rodon,D,0.06095496105655266,0.0,11.1,0.03047748052827633,0.548594649508974,0.2133423636979343,44.19234676600068,87.4,0.274297324754487,50.0,1.1276667795462243,0.8838469353200136,55.6,0.03047748052827633
pl_45786122,Lukas Nmecha,F,0.4945054945054945,0.08241758241758242,20.0,0.16483516483516483,2.4725274725274726,1.3186813186813187,17.802197802197803,65.7,0.9065934065934066,0.0,0.989010989010989,0.24725274725274726,41.9,0.576923076923077
pl_57445828,Noah Okafor,F,0.45772409408773046,0.05721551176096631,22.9,0.22886204704386523,2.002542911633821,0.8582326764144946,18.995549904640814,76.2,1.1443102352193262,18.9,1.315956770502225,0.6865861411315957,39.6,2.231404958677686
pl_29783986,Sean Longstaff,M,0.17208413001912046,0.17208413001912046,12.5,0.5162523900573613,1.3766730401529637,0.3441682600382409,38.632887189292546,84.6,2.1510516252390057,50.0,3.269598470363289,1.0325047801147227,51.5,0.17208413001912046
pl_25319512,Adam Wharton,M,0.035128805620608904,0.1756440281030445,3.1,0.49180327868852464,1.124121779859485,0.2107728337236534,43.278688524590166,79.3,1.5456674473067917,31.5,2.459016393442623,0.9484777517564403,48.6,0.5269320843091335
pl_57466395,Axel Disasi,D,0.0,0.0,0.0,0.0,0.35856573705179284,0.2151394422310757,40.589641434262944,86.6,0.07171314741035857,0.0,1.00398406374502,0.9322709163346613,63.3,0.14342629482071714
pl_08957111,Chris Richards,D,0.03184713375796178,0.0,6.7,0.03184713375796178,0.47770700636942676,0.06369426751592357,47.10191082802548,84.0,0.28662420382165604,38.5,1.7515923566878981,1.3694267515923568,56.5,0.12738853503184713
pl_84552007,Daichi Kamada,M,0.0,0.0,0.0,0.2358490566037736,0.8962264150943396,0.18867924528301888,38.91509433962264,84.0,0.9433962264150944,26.2,2.9716981132075473,0.6603773584905661,55.0,0.5660377358490566
pl_13676137,Daniel Muñoz,D,0.149812734082397,0.11235955056179775,14.8,0.299625468164794,1.0112359550561798,0.4868913857677903,30.861423220973784,79.2,1.0486891385767791,22.2,2.7715355805243447,0.9737827715355806,51.9,0.0749063670411985
pl_08428874,Dean Henderson,G,0.0,0.0,0.0,0.0,0.0,0.0,30.135135135135137,53.7,0.02702702702702703,0.0,0.02702702702702703,0.05405405405405406,84.0,0.02702702702702703
pl_57394858,Dwight McNeil,F,0.0,0.07575757575757576,0.0,0.07575757575757576,1.8181818181818183,0.3787878787878788,24.545454545454547,81.5,1.1363636363636365,23.8,1.7424242424242424,0.7575757575757576,42.7,0.5303030303030303
pl_61920395,Ismaïla Sarr,F,0.37224264705882354,0.04136029411764706,18.8,0.12408088235294118,1.9852941176470589,0.8685661764705882,19.604779411764707,71.3,0.7858455882352942,12.5,0.7444852941176471,0.33088235294117646,39.4,0.45496323529411764
pl_25825813,Jaydee Canvot,D,0.0,0.0,0.0,0.0,0.46770601336302897,0.06681514476614699,51.11358574610245,88.2,0.20044543429844097,0.0,2.6057906458797326,0.8017817371937639,60.3,0.13363028953229397
pl_61942936,Jean-Philippe Mateta,F,0.486048604860486,0.0,19.0,0.081008100810081,2.5517551755175516,1.296129612961296,12.758775877587759,62.2,0.3645364536453645,45.5,0.40504050405040504,0.243024302430243,37.7,0.567056705670567
pl_6582836,Jefferson Lerma,M,0.0,0.10404624277456648,0.0,0.15606936416184972,0.9884393063583815,0.3641618497109827,45.3121387283237,79.4,0.7283236994219654,41.7,1.5086705202312138,1.300578034682081,54.5,0.15606936416184972
pl_72565927,Jørgen Strand Larsen,F,0.15544041450777202,0.038860103626943004,9.1,0.038860103626943004,1.709844559585492,0.544041450777202,19.1580310880829,64.5,0.38860103626943004,0.0,0.349740932642487,0.15544041450777202,34.4,0.427461139896373
pl_45218846,Tyrick Mitchell,D,0.027666769136181987,0.05533353827236397,5.3,0.11066707654472795,0.5256686135874578,0.1936673839532739,30.627113433753458,73.1,0.8023363049492775,21.2,2.7943436827543806,0.9406701506301874,55.6,0.4150015370427298
pl_0214437,Will Hughes,M,0.0,0.0,0.0,0.05707038681039949,0.9701965757767914,0.0,38.69372225745086,81.3,1.1984781230183894,26.7,1.5409004438807863,0.8560558021559924,49.4,0.6277742549143944
pl_08597359,Yéremy Pino,F,0.08571428571428572,0.08571428571428572,4.4,0.6428571428571429,1.9285714285714286,0.4714285714285715,35.614285714285714,74.6,2.0571428571428574,20.3,1.542857142857143,0.38571428571428573,38.9,0.7714285714285715
pl_96246961,Callum Hudson Odoi,F,0.1460248783126014,0.19469983775013522,10.0,0.24337479718766902,1.460248783126014,0.48674959437533805,31.97944835045971,89.2,2.141698215251487,14.3,0.6814494321254733,0.38939967550027044,43.1,1.460248783126014
pl_30233776,Dan Ndoye,F,0.07653061224489796,0.07653061224489796,6.7,0.15306122448979592,1.1479591836734695,0.30612244897959184,21.581632653061224,78.4,1.0714285714285714,21.4,1.7602040816326532,0.7653061224489796,46.3,0.9948979591836735
pl_08313294,Ibrahim Sangaré,M,0.08653846153846154,0.08653846153846154,12.5,0.08653846153846154,0.6923076923076923,0.21634615384615385,41.36538461538461,86.8,0.5192307692307693,0.0,2.5528846153846154,1.0817307692307692,48.3,0.4759615384615385
pl_72655906,Igor Jesus,F,0.23275862068965517,0.15517241379310345,8.6,0.1939655172413793,2.71551724137931,0.814655172413793,17.767241379310345,72.7,0.5818965517241379,30.0,0.9310344827586207,0.11637931034482758,39.2,0.4267241379310345
pl_30443228,Liam Delap,F,0.07901668129938542,0.0,2.8,0.0,2.8446005267778753,0.8691834942932397,14.934152765583846,69.8,0.2370500438981563,0.0,0.39508340649692714,0.07901668129938542,39.1,0.7901668129938543
pl_9679632,Matz Sels,G,0.0,0.0,0.0,0.0,0.0,0.0,26.456692913385826,57.1,0.03374578177727784,0.0,0.03374578177727784,0.0,78.6,0.0
pl_61051298,Morato,D,0.06588579795021962,0.0,20.0,0.0,0.32942898975109813,0.13177159590043924,49.87554904831625,85.3,0.13177159590043924,0.0,1.9765739385065886,0.7247437774524158,63.7,0.32942898975109813
pl_96229371,Morgan Gibbs-White,M,0.4340836012861736,0.1157556270096463,18.1,0.14469453376205788,2.4019292604501605,0.9260450160771704,34.958199356913184,81.1,1.4180064308681672,20.9,0.5787781350482315,0.37620578778135044,40.4,0.8681672025723473
pl_97773092,Murillo,D,0.04219409282700422,0.0,9.1,0.04219409282700422,0.4641350210970464,0.16877637130801687,47.76371308016878,83.6,0.33755274261603374,0.0,1.4767932489451476,1.4345991561181435,53.6,0.379746835443038
pl_61554809,Neco Williams,D,0.056144728633811605,0.08421709295071741,4.3,0.140361821584529,1.291328758577667,0.5333749220212103,37.19588271990019,81.8,1.0386774797255147,20.4,2.6949469744229573,1.3194011228945728,56.0,0.8702432938240799
pl_45812272,Nicolás Domínguez,M,0.07544006705783737,0.07544006705783737,5.6,0.15088013411567475,1.3579212070410729,0.3772003352891869,40.360435875943,85.2,0.9052808046940486,42.9,4.224643755238893,0.5280804694048616,55.1,0.4526404023470243
pl_13141787,Nicolò Savona,D,0.17543859649122806,0.0,40.0,0.08771929824561403,0.43859649122807015,0.2631578947368421,35.0,78.7,0.6140350877192983,29.6,1.7543859649122806,0.3508771929824561,48.6,0.17543859649122806
pl_84045220,Nikola Milenković,D,0.0,0.0,0.0,0.02666666666666667,0.4266666666666667,0.02666666666666667,41.04,86.6,0.08,0.0,0.8266666666666667,0.7733333333333333,66.8,0.08
pl_30883326,Ola Aina,D,0.0,0.0,0.0,0.0,0.6792452830188679,0.056603773584905655,35.60377358490566,84.7,0.5660377358490566,18.4,1.7547169811320753,1.4150943396226414,53.8,0.8490566037735848
pl_58628237,Omari Hutchinson,F,0.053128689492325853,0.26564344746162927,4.0,0.42502951593860683,1.3282172373081464,0.5844155844155844,28.58323494687131,83.1,1.7532467532467533,20.7,1.1688311688311688,0.6375442739079102,40.8,2.17827626918536
pl_2663710,Andy Robertson,D,0.07575757575757576,0.0,10.0,0.2272727272727273,0.7575757575757576,0.2272727272727273,53.86363636363637,83.3,1.5151515151515151,23.6,0.9090909090909092,0.6060606060606061,52.6,0.2272727272727273
pl_40569445,Archie Gray,M,0.12,0.12,18.2,0.18,0.6599999999999999,0.3,32.339999999999996,83.1,0.48,33.3,0.6599999999999999,1.02,34.5,0.42
pl_13791509,Conor Gallagher,M,0.07525083612040133,0.07525083612040133,9.1,0.07525083612040133,0.8277591973244147,0.3010033444816053,39.431438127090296,84.7,0.9782608695652173,26.1,1.7307692307692306,1.354515050167224,47.8,0.9782608695652173
pl_96329633,Destiny Udogie,D,0.0,0.06716417910447761,0.0,0.13432835820895522,0.26865671641791045,0.06716417910447761,39.2910447761194,85.5,0.8059701492537313,18.5,2.082089552238806,0.47014925373134325,50.0,0.40298507462686567
pl_1734718,Dominic Solanke,F,0.27,0.0,15.0,0.09,1.8,0.99,14.22,74.1,0.54,0.0,1.98,0.27,43.5,1.1700000000000002
pl_96372247,Jan Paul van Hecke,D,0.08408595453129866,0.08408595453129866,13.0,0.05605730302086578,0.6446589847399564,0.2802865151043289,70.6602304578013,87.2,0.3643724696356275,43.5,1.485518530052943,1.3173466209903457,61.1,0.08408595453129866
pl_57227287,Kevin Danso,D,0.0,0.0,0.0,0.059721300597213006,0.6569343065693432,0.11944260119442601,56.97412076974121,86.9,0.17916390179163902,0.0,1.6124751161247513,1.4930325149303252,60.3,0.11944260119442601
pl_72515919,Marcos Senesi,D,0.0,0.13677811550151975,0.0,0.19148936170212766,0.46504559270516715,0.13677811550151975,63.43768996960486,77.7,0.6565349544072948,30.8,1.6960486322188448,1.5319148936170213,52.4,0.1641337386018237
pl_703717,Martin Dúbravka,G,0.0,0.0,0.0,0.0,0.0,0.0,34.4,58.2,0.0,0.0,0.02857142857142857,0.0,85.3,0.0
pl_97686748,Mateus Fernandes,M,0.08928571428571429,0.11904761904761904,10.7,0.08928571428571429,0.8333333333333333,0.23809523809523808,46.488095238095234,87.5,1.101190476190476,23.1,3.0654761904761902,1.0416666666666665,55.4,0.8333333333333333
pl_84867734,Mathys Tel,F,0.2650957290132548,0.0662739322533137,11.4,0.33136966126656847,2.3195876288659796,0.5301914580265096,23.792341678939618,77.4,1.988217967599411,31.2,1.2592047128129602,0.3976435935198822,40.8,2.5846833578792343
pl_30430757,Micky van de Ven,D,0.11830430496220835,0.02957607624055209,25.0,0.02957607624055209,0.4732172198488334,0.17745645744331254,52.349654945777196,90.5,0.17745645744331254,0.0,1.1534669733815315,0.650673677292146,54.3,0.325336838646073
pl_57385493,Mohammed Kudus,F,0.11650485436893203,0.2912621359223301,7.7,0.17475728155339804,1.5145631067961165,0.5242718446601942,25.864077669902912,85.6,1.4563106796116503,23.0,1.6893203883495145,0.17475728155339804,40.7,3.029126213592233
pl_29121690,Pape Matar Sarr,M,0.12866333095067906,0.2573266619013581,11.8,0.19299499642601858,1.093638313080772,0.38598999285203717,40.72194424588992,85.0,0.7076483202287348,25.0,2.1229449606862043,1.1579699785561115,45.7,0.8363116511794139
pl_08941198,Pedro Porro,D,0.032165832737669764,0.06433166547533953,3.1,0.2573266619013581,1.0293066476054324,0.2573266619013581,47.28377412437455,75.0,1.8012866333095068,25.7,2.4446032880629023,0.9971408148677627,51.9,0.6111508220157256
pl_30165158,Richarlison,F,0.5058763413387839,0.18395503321410323,18.0,0.22994379151762903,2.805314256515074,1.195707715891671,14.578436382217681,62.1,0.9197751660705161,0.0,1.2416964741951968,0.22994379151762903,42.4,0.5518650996423097
pl_13056984,Rodrigo Bentancur,M,0.04756871035940803,0.04756871035940803,7.7,0.04756871035940803,0.6183932346723044,0.1427061310782241,48.424947145877375,85.8,0.47568710359408034,14.3,2.66384778012685,1.6649048625792813,54.8,0.9513742071881607
pl_57376245,Sandro Tonali,M,0.0,0.07078254030672435,0.0,0.212347620920173,1.3094769956744003,0.2831301612268974,55.31655524970507,84.4,1.1325206449075895,20.8,1.238694455367676,1.0971293747542272,54.9,0.6724341329138812
pl_57995957,Xavi Simons,M,0.10175240248728096,0.25438100621820237,4.8,0.3561334087054833,2.1368004522329,0.5087620124364047,40.802713397399664,82.9,1.7806670435274166,26.9,1.7297908422837762,0.7631430186546071,48.2,1.4245336348219333
pl_2978088,Alphonse Aréola,G,0.0,0.05,0.0,0.0,0.0,0.0,27.0,46.7,0.05,0.0,0.0,0.05,66.7,0.0
pl_08721293,Jarrod Bowen,F,0.23788546255506607,0.2907488986784141,11.4,0.4229074889867841,2.0881057268722465,0.7400881057268722,20.960352422907487,73.8,1.1894273127753303,18.2,1.3215859030837003,0.7136563876651982,43.3,1.4008810572687225
pl_30455170,Jean-Clair Todibo,D,0.0,0.04953219592735278,0.0,0.0,0.09906439185470556,0.0,38.734177215189874,87.3,0.2476609796367639,0.0,1.8822234452394055,0.8420473307649972,60.0,0.19812878370941112
pl_9841649,Joël Veltman,D,0.08387698042870456,0.0,25.0,0.0,0.33550792171481825,0.08387698042870456,37.073625349487415,81.7,0.33550792171481825,10.5,2.6001863932898415,1.5097856477166822,67.0,0.16775396085740912
pl_96208632,Konstantinos Mavropanos,D,0.10650887573964496,0.0,13.0,0.0,0.8165680473372781,0.28402366863905326,41.573964497041416,82.2,0.14201183431952663,25.0,1.4201183431952662,1.7396449704142012,65.4,0.07100591715976332
pl_45747974,Kyle Walker-Peters,D,0.06446991404011461,0.0,20.0,0.06446991404011461,0.3223495702005731,0.19340974212034384,38.42406876790831,85.6,0.4512893982808023,5.0,2.836676217765043,0.5802292263610315,60.2,1.0315186246418337
pl_13606489,Mads Hermansen,G,0.0,0.05555555555555555,0.0,0.0,0.0,0.0,32.94444444444444,58.2,0.1111111111111111,0.0,0.0,0.0,100.0,0.0
pl_08981007,Max Kilman,D,0.0,0.0,0.0,0.0,0.402555910543131,0.05750798722044728,39.50798722044728,87.9,0.23003194888178913,33.3,0.9201277955271565,0.5175718849840255,52.3,0.23003194888178913
pl_29661380,Tomáš Souček,M,0.20316027088036118,0.0,19.2,0.040632054176072234,1.0564334085778782,0.5688487584650113,36.487584650112865,77.7,0.4469525959367946,0.0,1.747178329571106,0.6501128668171557,51.7,0.16252821670428894
pl_57493685,Valentín Castellanos,F,0.3870967741935484,0.0,12.0,0.06451612903225806,3.225806451612903,1.4193548387096775,16.129032258064516,64.4,0.7741935483870968,22.2,0.7096774193548387,0.3870967741935484,36.8,0.12903225806451613
pl_13881008,Bashir Humphreys,D,0.0,0.0,0.0,0.05703422053231939,0.5133079847908745,0.17110266159695817,48.5361216730038,81.9,0.5133079847908745,16.7,1.5399239543726235,0.6273764258555132,47.9,0.34220532319391633
pl_61680998,Hannibal Mejbri,M,0.07182761372705507,0.28731045490822027,5.3,0.3591380686352753,1.3647246608140462,0.3591380686352753,36.63208300079808,77.3,1.5083798882681565,35.5,2.083000798084597,0.5746209098164405,49.5,1.4365522745411012
pl_13685719,Hjalmar Ekdal,D,0.0,0.0,0.0,0.0,0.3508771929824561,0.05847953216374269,39.82456140350877,85.0,0.23391812865497075,0.0,1.4035087719298245,0.7017543859649122,63.8,0.11695906432748537
pl_61354189,Jacob Bruun Larsen,F,0.0,0.08670520231213873,0.0,0.17341040462427745,1.4739884393063585,0.3468208092485549,25.31791907514451,81.5,1.0404624277456647,21.4,1.0404624277456647,0.5202312138728323,35.9,0.8670520231213873
pl_96184272,Josh Cullen,M,0.11849901250822911,0.11849901250822911,18.2,0.23699802501645822,0.6517445687952601,0.3554970375246873,51.31007241606321,84.1,0.7702435813034892,8.3,1.836734693877551,1.3034891375905202,54.5,0.11849901250822911
pl_61841224,Josh Laurent,M,0.050476724621424565,0.0,7.1,0.0,0.7066741446999439,0.20190689848569826,32.456533931576,78.1,0.6057206954570948,26.7,2.4228827818283794,1.3628715647784633,48.2,0.45429052159282113
pl_095858,Kyle Walker,D,0.0,0.05812076202776881,0.0,0.08718114304165321,0.11624152405553762,0.0,41.87600904100743,77.4,0.37778495318049726,18.9,1.6273813367775267,1.3077171456247982,52.9,0.37778495318049726
pl_62122350,Lucas Pires,D,0.0,0.0,0.0,0.06401137980085349,1.0241820768136558,0.25604551920341395,35.846372688477956,83.9,1.2802275960170697,16.1,1.8563300142247512,1.2802275960170697,44.6,1.1522048364153628
pl_30268013,Lyle Foster,F,0.1967930029154519,0.13119533527696794,15.0,0.13119533527696794,1.3119533527696794,0.3935860058309038,18.367346938775512,70.0,0.6559766763848397,16.7,1.0495626822157436,0.2623906705539359,31.7,0.6559766763848397
pl_61331995,Marcus Edwards,F,0.08387698042870456,0.2516309412861137,4.3,0.5032618825722274,1.929170549860205,0.5032618825722274,28.350419384902143,82.5,1.6775396085740912,25.0,0.9226467847157502,0.16775396085740912,35.4,1.174277726001864
pl_30147808,Zian Flemming,F,0.547566371681416,0.0,20.8,0.0,2.6382743362831858,1.045353982300885,13.788716814159292,65.0,0.497787610619469,16.7,0.8462389380530974,0.34845132743362833,41.6,0.19911504424778761
pl_9460467,Adam Armstrong,F,0.15706806282722513,0.15706806282722513,11.1,0.23560209424083772,1.4136125654450262,0.47120418848167545,11.937172774869111,68.4,0.47120418848167545,20.0,0.6282722513089005,0.15706806282722513,39.5,0.7853403141361257
pl_61636185,André,M,0.03253796095444685,0.0,6.7,0.03253796095444685,0.4880694143167028,0.03253796095444685,42.657266811279825,91.4,0.5856832971800434,25.0,2.668112798264642,0.9761388286334056,50.9,0.6182212581344902
pl_57527456,David Møller Wolfe,D,0.0,0.16965127238454286,0.0,0.2544769085768143,0.2544769085768143,0.0,22.054665409990573,74.2,0.6786050895381714,24.2,0.8482563619227144,0.5937794533459001,53.6,0.4241281809613572
pl_84845706,Hugo Bueno,D,0.037894736842105266,0.07578947368421053,6.3,0.22736842105263158,0.6063157894736843,0.22736842105263158,32.13473684210526,80.5,1.44,34.7,2.5389473684210526,1.44,48.1,1.174736842105263
pl_61320388,Hwang Hee-chan,F,0.12320328542094455,0.12320328542094455,10.5,0.18480492813141683,1.1704312114989732,0.36960985626283366,23.28542094455852,75.4,0.9240246406570841,15.8,0.6160164271047227,0.8008213552361396,36.8,0.5544147843942505
pl_19464703,Jackson Tchatchoua,D,0.0,0.04851752021563342,0.0,0.14555256064690028,0.09703504043126684,0.04851752021563342,26.296495956873315,76.2,1.0188679245283019,24.2,1.4070080862533694,0.7277628032345014,49.3,0.24258760107816713
pl_57489228,Jean-Ricner Bellegarde,M,0.07194244604316546,0.07194244604316546,4.8,0.14388489208633093,1.5107913669064748,0.5035971223021583,30.79136690647482,79.4,1.0071942446043165,20.0,2.014388489208633,0.7194244604316546,55.6,1.2949640287769784
pl_7949533,José Sá,G,0.0,0.0,0.0,0.0,0.0,0.0,30.17391304347826,59.9,0.043478260869565216,0.0,0.043478260869565216,0.0,95.7,0.0
pl_6119881,Kieran Trippier,D,0.0,0.05653266331658291,0.0,0.05653266331658291,0.11306532663316582,0.0,59.98115577889447,81.1,1.5829145728643215,34.0,1.4698492462311556,0.5653266331658291,45.6,0.22613065326633164
pl_13600011,Ladislav Krejčí,D,0.07623888182973317,0.03811944091486658,9.5,0.07623888182973317,0.8005082592121981,0.3811944091486658,50.20330368487929,82.5,0.34307496823379924,23.5,1.2198221092757306,1.2198221092757306,50.2,0.07623888182973317
pl_37108473,Mateus Mané,F,0.1500833796553641,0.0500277932184547,7.1,0.3501945525291829,2.1011673151750974,0.8504724847137299,18.760422456920512,76.3,1.5508615897720957,36.6,1.4007782101167316,0.2501389660922735,40.3,1.5508615897720957
pl_9877931,Raúl Jiménez,F,0.3671804170444243,0.12239347234814142,12.2,0.08159564823209428,3.0190389845874885,0.7751586582048957,21.13327289211242,63.5,1.0199456029011786,28.6,1.42792384406165,0.3263825929283771,41.9,0.40797824116047143
pl_3025507,Sam Johnstone,G,0.0,0.0,0.0,0.0,0.0,0.0,36.5,55.9,0.0,0.0,0.16666666666666666,0.0,83.3,0.0
pl_84038833,Santiago Bueno,D,0.10575793184488837,0.03525264394829612,30.0,0.03525264394829612,0.3525264394829612,0.24676850763807284,38.249118683901294,86.5,0.3525264394829612,33.3,1.762632197414806,0.9518213866039953,54.0,0.0
pl_84759350,Toti Gomes,D,0.0,0.0,0.0,0.0,0.3153468815697267,0.12613875262789068,51.464611072179395,85.9,0.378416257883672,27.3,1.4505956552207429,0.8829712683952348,61.8,0.6306937631394534
pl_45451927,Yerson Mosquera,D,0.0,0.0,0.0,0.04201680672268907,1.2605042016806722,0.25210084033613445,33.445378151260506,80.5,0.4621848739495798,10.5,2.6050420168067228,1.2605042016806722,56.3,0.37815126050420167
